-- Seed: stand-in for the nightly ETL load from the billing pipeline.

INSERT INTO patient (id, name, email) VALUES
                                          ('11111111-1111-1111-1111-111111111111', 'Priya Sharma', 'priya.sharma@example.com'),
                                          ('22222222-2222-2222-2222-222222222222', 'Rahul Verma',  'rahul.verma@example.com'),
                                          ('33333333-3333-3333-3333-333333333333', 'Anjali Gupta', 'anjali.gupta@example.com');

INSERT INTO visit (id, patient_id, visit_date, department) VALUES
                                                               ('a0000000-0000-0000-0000-000000000001', '11111111-1111-1111-1111-111111111111', '2025-01-10', 'Cardiology'),
                                                               ('a0000000-0000-0000-0000-000000000002', '11111111-1111-1111-1111-111111111111', '2025-02-15', 'Cardiology'),
                                                               ('a0000000-0000-0000-0000-000000000003', '22222222-2222-2222-2222-222222222222', '2025-01-20', 'Orthopedics'),
                                                               ('a0000000-0000-0000-0000-000000000004', '22222222-2222-2222-2222-222222222222', '2025-03-05', 'Neurology'),
                                                               ('a0000000-0000-0000-0000-000000000005', '33333333-3333-3333-3333-333333333333', '2025-02-28', 'Cardiology'),
                                                               ('a0000000-0000-0000-0000-000000000006', '33333333-3333-3333-3333-333333333333', '2025-03-18', 'Orthopedics');

INSERT INTO claim (id, visit_id, claim_amount, paid_amount, status) VALUES
                                                                        ('c0000000-0000-0000-0000-000000000001', 'a0000000-0000-0000-0000-000000000001',  5000.00, 4000.00, 'APPROVED'),
                                                                        ('c0000000-0000-0000-0000-000000000002', 'a0000000-0000-0000-0000-000000000001',  2000.00,    0.00, 'DENIED'),
                                                                        ('c0000000-0000-0000-0000-000000000003', 'a0000000-0000-0000-0000-000000000002',  3000.00, 3000.00, 'APPROVED'),
                                                                        ('c0000000-0000-0000-0000-000000000004', 'a0000000-0000-0000-0000-000000000003',  8000.00, 6000.00, 'APPROVED'),
                                                                        ('c0000000-0000-0000-0000-000000000005', 'a0000000-0000-0000-0000-000000000004', 10000.00,    0.00, 'DENIED'),
                                                                        ('c0000000-0000-0000-0000-000000000006', 'a0000000-0000-0000-0000-000000000005',  4500.00, 4500.00, 'APPROVED'),
                                                                        ('c0000000-0000-0000-0000-000000000007', 'a0000000-0000-0000-0000-000000000006',  6000.00,    0.00, 'PENDING'),
                                                                        ('c0000000-0000-0000-0000-000000000008', 'a0000000-0000-0000-0000-000000000006',  1500.00, 1500.00, 'APPROVED');